net,length_um
clknet_0_clk,391.76µm
net266,389.23µm
net271,335.08µm
net270,252.24µm
net264,251.57µm
net25,220.38µm
clk,218.33µm
net267,217.91µm
net269,209.37µm
net22,199.76µm
net265,198.72µm
net30,195.02µm
clknet_3_0_0_clk,174.22µm
clknet_3_2_0_clk,166.68µm
clknet_3_6_0_clk,166.255µm
clknet_3_1_0_clk,159.4µm
net214,158.32µm
_0737_,155.2µm
_0276_,148.54µm
clknet_3_7_0_clk,148.54µm
net33,145.25µm
_0714_,138.98µm
net215,134.12µm
net163,132.92µm
net99,131.48µm
net26,126.59µm
net36,119.77µm
net103,119.33µm
clknet_3_4_0_clk,117.99µm
net39,117.06µm
net82,114.54µm
net105,114.315µm
net268,112.34µm
net41,112.235µm
_0052_,105.085µm
net40,99.54µm
_0053_,98.56µm
net27,96.88µm
net155,96.555µm
clknet_3_5_0_clk,93.52µm
_0735_,89.8µm
net42,88.74µm
_0959_,87.36µm
net167,87.32µm
_0956_,87.16µm
_0054_,85.735µm
net233,84.58µm
_0494_,84.5µm
net38,83.74µm
net91,82.84µm
_0318_,81.52µm
net37,80.22µm
net56,79.355µm
_0317_,77.44µm
_0467_,76.9µm
net170,76.54µm
_0958_,76.42µm
_0495_,71.2µm
_0305_,69.58µm
net85,67.74µm
_0739_,66.2µm
net61,65.86µm
_0394_,64.2µm
net62,63.94µm
clknet_3_3_0_clk,63.84µm
net236,63.38µm
net143,63.16µm
net240,62.92µm
_0733_,62.56µm
_0614_,62.42µm
net204,62.34µm
net257,61.14µm
net126,60.96µm
net190,60.84µm
net125,60.18µm
net173,59.7µm
net106,59.38µm
net202,59.06µm
_0823_,58.94µm
net21,57.92µm
_0727_,57.86µm
_0613_,57.74µm
_0426_,57.44µm
net201,57.36µm
net169,57µm
net109,56.71µm
_0055_,55.925µm
net127,55.9µm
_0436_,55.48µm
_0960_,55.48µm
net168,54.56µm
net45,54.06µm
net256,52.38µm
net203,51.6µm
_0537_,51.465µm
net63,49.52µm
net84,49.5µm
net139,49.49µm
net90,49.18µm
_0746_,48.92µm
net107,48.86µm
net29,48.07µm
net78,47.68µm
_0152_,47.44µm
net243,47.44µm
net17,47.16µm
_0252_,46.66µm
net104,46.52µm
net15,45.515µm
_0154_,45.24µm
net235,45.22µm
net2,45.04µm
_0949_,44.72µm
net191,44.64µm
net189,44.6µm
net73,44.04µm
net93,44.02µm
_0492_,43.6µm
_0637_,43.5µm
net147,43.34µm
_0091_,43.29µm
net66,43.22µm
_0429_,43.14µm
_0119_,42.93µm
net101,42.5µm
net43,42.28µm
_0670_,42.12µm
_0092_,42µm
net246,41.9µm
_0206_,41.82µm
net86,41.555µm
_0186_,41.36µm
_0710_,41.12µm
net83,41.12µm
_0130_,40.7µm
net6,40.685µm
net207,40.3µm
net14,40.02µm
_0185_,39.96µm
net208,39.6µm
net185,39.24µm
net79,39.215µm
_0358_,38.9µm
_0883_,38.66µm
_0780_,38.64µm
net70,38.64µm
net149,38.44µm
net20,38.18µm
_0789_,38.06µm
_0560_,38.02µm
net232,37.94µm
_0855_,37.9µm
_0373_,37.48µm
net130,37.48µm
_0691_,37.26µm
net144,37.12µm
_0320_,37.02µm
net58,36.8µm
_0866_,36.58µm
net59,36.22µm
_0969_,36.14µm
net100,36.02µm
net13,36.01µm
net134,35.72µm
net248,35.72µm
_0536_,35.655µm
_0649_,35.6µm
_0879_,35.4µm
_0327_,35.36µm
_0696_,35.31µm
_0145_,35.2µm
_0056_,35.025µm
net223,35.02µm
_0430_,34.99µm
_0489_,34.9µm
net234,34.84µm
_0726_,34.8µm
net199,34.72µm
_0390_,34.64µm
net9,34.64µm
_0048_,34.62µm
_0016_,34.56µm
_0425_,34.48µm
_0072_,33.78µm
_0331_,33.76µm
net74,33.735µm
net150,33.58µm
_0763_,33.4µm
_0651_,33.38µm
net219,33.32µm
net8,33.27µm
_0108_,33.16µm
_0491_,33.1µm
_0844_,33.04µm
net157,33µm
net77,32.94µm
_0148_,32.82µm
_0132_,32.8µm
net165,32.8µm
_0386_,32.78µm
_0431_,32.59µm
_0882_,32.48µm
_0788_,32.36µm
_0202_,32.34µm
net46,32.325µm
net81,32.3µm
net110,32.26µm
net241,32.2µm
_0840_,32.18µm
net210,31.98µm
_0435_,31.82µm
net148,31.68µm
net80,31.66µm
net16,31.6µm
net10,31.48µm
_0385_,31.42µm
net197,31.42µm
net161,31.16µm
_0342_,31.12µm
_0935_,31.08µm
_0787_,31µm
_0550_,30.94µm
net50,30.94µm
_0837_,30.84µm
net253,30.8µm
_0043_,30.705µm
_0605_,30.47µm
net228,30.42µm
_0865_,30.4µm
net154,30.24µm
net94,30.21µm
_0910_,30.18µm
_0096_,30.06µm
_0077_,29.96µm
_0965_,29.9µm
net111,29.84µm
_0551_,29.805µm
net72,29.74µm
net193,29.72µm
net159,29.66µm
_0664_,29.635µm
_0781_,29.46µm
_0164_,29.3µm
_0010_,29.265µm
_0354_,29.22µm
_0785_,29.02µm
_0836_,29µm
_0453_,28.9µm
_0129_,28.86µm
net180,28.78µm
net239,28.6µm
net237,28.52µm
_0420_,28.38µm
_0936_,28.24µm
_0573_,28.22µm
_0654_,28.1µm
net47,27.985µm
_0098_,27.98µm
_0384_,27.91µm
_0769_,27.86µm
_0155_,27.82µm
net114,27.74µm
_0349_,27.68µm
_0620_,27.64µm
_0026_,27.34µm
_0653_,27.33µm
_0312_,27.26µm
_0846_,27.26µm
_0135_,27.18µm
net120,26.96µm
_0814_,26.94µm
_0684_,26.92µm
_0314_,26.9µm
_0047_,26.855µm
net87,26.76µm
net244,26.64µm
net76,26.58µm
net96,26.54µm
net195,26.52µm
net200,26.52µm
_0366_,26.44µm
net128,26.2µm
_0020_,26.16µm
_0707_,26.14µm
_0900_,26.075µm
_0238_,25.92µm
_0133_,25.9µm
_0343_,25.88µm
_0099_,25.68µm
net97,25.64µm
_0520_,25.56µm
_0652_,25.56µm
net156,25.46µm
_0800_,25.405µm
net224,25.36µm
_0871_,25.08µm
_0082_,25.06µm
_0644_,24.98µm
net92,24.98µm
net137,24.88µm
_0717_,24.825µm
_0801_,24.6µm
_0926_,24.58µm
_0761_,24.46µm
net171,24.3µm
_0493_,24.26µm
net206,24.26µm
net132,24.24µm
_0563_,24.16µm
_0638_,24.12µm
_0708_,24.08µm
_0634_,24.06µm
net102,24.02µm
net166,23.98µm
_0336_,23.96µm
_0695_,23.95µm
_0485_,23.76µm
_0581_,23.76µm
_0299_,23.7µm
net158,23.56µm
net242,23.46µm
_0109_,23.38µm
_0895_,23.26µm
in3[15],23.1µm
_0120_,23.08µm
net19,22.98µm
_0339_,22.94µm
net75,22.94µm
_0774_,22.8µm
_0337_,22.7µm
net71,22.66µm
net192,22.64µm
_0169_,22.6µm
_0404_,22.6µm
_0388_,22.58µm
_0207_,22.54µm
_0539_,22.54µm
_0367_,22.5µm
in3[60],22.48µm
_0709_,22.3µm
_0867_,22.2µm
net88,22.2µm
_0363_,22.18µm
_0256_,22.12µm
_0036_,22.085µm
_0946_,22.005µm
_0236_,22µm
_0679_,22µm
_0602_,21.92µm
_0640_,21.92µm
_0856_,21.74µm
_0097_,21.68µm
_0365_,21.66µm
in1[15],21.6µm
net176,21.58µm
net174,21.56µm
_0382_,21.52µm
_0957_,21.52µm
_0176_,21.5µm
net28,21.38µm
_0360_,21.3µm
_0456_,21.28µm
_0600_,21.18µm
_0190_,21.12µm
_0577_,21.12µm
_0100_,21.08µm
net108,21µm
_0161_,20.96µm
_0648_,20.92µm
_0078_,20.9µm
_0705_,20.88µm
_0636_,20.8µm
_0200_,20.78µm
net131,20.74µm
_0738_,20.7µm
net122,20.7µm
net129,20.62µm
_0277_,20.58µm
_0750_,20.54µm
_0260_,20.52µm
_0015_,20.505µm
net5,20.5µm
_0441_,20.46µm
_0215_,20.42µm
_0450_,20.415µm
_0196_,20.37µm
_0017_,20.34µm
_0107_,20.34µm
_0103_,20.32µm
_0452_,20.24µm
_0862_,20.22µm
_0143_,20.2µm
_0144_,20.16µm
net69,20.14µm
_0919_,20.06µm
net138,20.04µm
_0268_,20µm
_0920_,19.98µm
_0071_,19.92µm
_0469_,19.92µm
_0156_,19.84µm
_0037_,19.825µm
_0079_,19.82µm
net24,19.755µm
_0907_,19.74µm
_0514_,19.72µm
net12,19.7µm
_0364_,19.66µm
_0383_,19.64µm
_0481_,19.64µm
net11,19.635µm
net142,19.56µm
_0361_,19.52µm
_0552_,19.52µm
net95,19.52µm
_0663_,19.5µm
_0944_,19.48µm
_0937_,19.46µm
_0325_,19.42µm
net259,19.4µm
_0951_,19.36µm
net151,19.36µm
_0731_,19.3µm
net136,19.3µm
in1[52],19.26µm
in1[59],19.24µm
_0593_,19.22µm
_0121_,19.2µm
_0917_,19.16µm
net1,19.08µm
_0947_,19.06µm
_0942_,19µm
net64,18.98µm
net65,18.96µm
net89,18.92µm
_0213_,18.82µm
_0604_,18.82µm
in2[52],18.76µm
_0578_,18.7µm
_0757_,18.7µm
_0504_,18.68µm
net113,18.63µm
_0864_,18.62µm
_0748_,18.58µm
net164,18.58µm
_0531_,18.56µm
_0179_,18.5µm
_0189_,18.48µm
_0392_,18.48µm
_0134_,18.36µm
_0486_,18.36µm
_0815_,18.245µm
_0547_,18.24µm
_0293_,18.23µm
_0232_,18.2µm
_0890_,18.18µm
_0319_,18.12µm
in3[59],18.08µm
net152,18.04µm
net98,17.96µm
net196,17.94µm
_0323_,17.86µm
net35,17.82µm
_0704_,17.78µm
net7,17.78µm
_0440_,17.74µm
net112,17.74µm
_0459_,17.66µm
_0288_,17.64µm
_0929_,17.62µm
_0008_,17.6µm
_0306_,17.6µm
_0329_,17.6µm
_0439_,17.6µm
in2[9],17.58µm
net32,17.56µm
_0570_,17.54µm
_0909_,17.395µm
_0722_,17.38µm
_0403_,17.36µm
_0698_,17.3µm
_0146_,17.26µm
in1[31],17.21µm
in1[9],17.16µm
_0797_,17.14µm
_0149_,17.1µm
_0694_,17.1µm
_0470_,16.99µm
_0576_,16.98µm
net141,16.9µm
_0561_,16.88µm
_0791_,16.86µm
_0824_,16.84µm
_0106_,16.82µm
_0832_,16.82µm
_0616_,16.8µm
net172,16.8µm
net250,16.78µm
_0509_,16.76µm
_0808_,16.74µm
_0249_,16.68µm
_0650_,16.64µm
_0693_,16.64µm
_0755_,16.64µm
_0124_,16.56µm
_0278_,16.56µm
net175,16.56µm
_0580_,16.48µm
_0839_,16.4µm
_0326_,16.38µm
_0212_,16.36µm
_0391_,16.36µm
_0831_,16.36µm
_0085_,16.34µm
_0549_,16.28µm
net67,16.255µm
_0013_,16.22µm
net205,16.22µm
_0014_,16.2µm
_0798_,16.08µm
net118,16µm
_0226_,15.88µm
net255,15.84µm
_0066_,15.82µm
_0301_,15.78µm
net34,15.775µm
_0665_,15.74µm
_0716_,15.74µm
_0906_,15.74µm
_0158_,15.72µm
_0482_,15.72µm
_0483_,15.7µm
_0165_,15.68µm
_0177_,15.68µm
_0451_,15.64µm
net23,15.64µm
net198,15.64µm
_0199_,15.62µm
_0244_,15.62µm
_0639_,15.54µm
_0529_,15.48µm
_0541_,15.46µm
_0893_,15.42µm
_0437_,15.38µm
_0294_,15.34µm
in3[52],15.32µm
_0764_,15.3µm
in3[31],15.27µm
_0672_,15.16µm
_0624_,15.14µm
_0631_,15.14µm
_0923_,15.14µm
net48,15.14µm
in3[9],15.08µm
_0415_,15µm
_0290_,14.98µm
_0723_,14.94µm
net145,14.92µm
_0760_,14.9µm
in2[13],14.9µm
_0635_,14.88µm
net124,14.88µm
_0116_,14.86µm
net252,14.86µm
_0744_,14.8µm
_0945_,14.8µm
_0417_,14.76µm
_0480_,14.7µm
in1[14],14.7µm
_0356_,14.68µm
_0754_,14.64µm
_0896_,14.64µm
_0192_,14.62µm
net49,14.62µm
_0697_,14.6µm
_0659_,14.59µm
in2[59],14.58µm
_0086_,14.56µm
_0522_,14.54µm
_0658_,14.54µm
_0117_,14.5µm
_0081_,14.485µm
_0843_,14.46µm
in2[15],14.44µm
_0725_,14.38µm
net254,14.34µm
_0224_,14.32µm
_0068_,14.28µm
_0848_,14.265µm
_0471_,14.22µm
net18,14.22µm
in2[10],14.16µm
_0621_,14.08µm
_0905_,14.06µm
in3[4],13.99µm
in3[10],13.98µm
_0025_,13.94µm
_0221_,13.94µm
in2[14],13.94µm
in3[14],13.94µm
net160,13.88µm
net186,13.88µm
in3[33],13.81µm
_0012_,13.765µm
_0645_,13.76µm
_0868_,13.76µm
_0875_,13.76µm
_0322_,13.72µm
_0289_,13.68µm
_0501_,13.68µm
_0820_,13.68µm
_0591_,13.66µm
_0595_,13.6µm
_0932_,13.56µm
_0410_,13.54µm
_0423_,13.54µm
_0925_,13.54µm
in3[54],13.54µm
_0296_,13.52µm
_0084_,13.5µm
_0833_,13.485µm
_0434_,13.48µm
net31,13.48µm
_0228_,13.46µm
_0002_,13.44µm
_0457_,13.42µm
_0204_,13.38µm
_0315_,13.38µm
_0608_,13.38µm
net3,13.38µm
net133,13.38µm
_0090_,13.34µm
_0114_,13.32µm
net162,13.32µm
_0511_,13.3µm
_0676_,13.3µm
net187,13.26µm
_0762_,13.24µm
_0532_,13.18µm
in1[63],13.18µm
net229,13.1µm
_0400_,13.08µm
_0642_,13.08µm
_0198_,13.04µm
net121,13.04µm
_0528_,13µm
_0841_,13µm
net44,13µm
_0948_,12.96µm
_0557_,12.92µm
_0565_,12.84µm
_0292_,12.8µm
in2[54],12.74µm
_0381_,12.68µm
net4,12.68µm
in1[43],12.66µm
_0730_,12.64µm
_0834_,12.64µm
net135,12.64µm
_0506_,12.62µm
_0669_,12.62µm
_0201_,12.6µm
_0854_,12.6µm
_0398_,12.58µm
net184,12.575µm
_0484_,12.54µm
net123,12.54µm
net227,12.48µm
_0069_,12.46µm
_0408_,12.46µm
_0028_,12.445µm
_0355_,12.42µm
_0269_,12.38µm
_0308_,12.38µm
_0044_,12.375µm
_0517_,12.34µm
net68,12.26µm
in2[4],12.19µm
out[17],12.18µm
_0807_,12.16µm
_0686_,12.13µm
in3[39],12.13µm
_0021_,12.125µm
_0080_,12.12µm
_0512_,12.12µm
_0816_,12.12µm
_0962_,12.06µm
_0574_,12.04µm
in2[30],12.03µm
_0805_,12.02µm
_0455_,12µm
_0554_,12µm
_0666_,12µm
_0721_,11.98µm
_0284_,11.97µm
_0729_,11.96µm
_0772_,11.96µm
_0819_,11.96µm
in1[1],11.95µm
_0594_,11.94µm
_0749_,11.915µm
_0564_,11.9µm
_0405_,11.88µm
_0812_,11.88µm
net146,11.84µm
_0131_,11.83µm
_0542_,11.82µm
_0778_,11.82µm
in2[60],11.81µm
_0110_,11.8µm
_0598_,11.8µm
_0852_,11.8µm
in2[12],11.78µm
_0351_,11.72µm
_0447_,11.72µm
_0344_,11.7µm
_0892_,11.7µm
_0538_,11.66µm
in2[18],11.61µm
_0286_,11.58µm
_0544_,11.58µm
_0618_,11.58µm
in1[58],11.575µm
net54,11.52µm
_0703_,11.5µm
_0214_,11.46µm
_0533_,11.46µm
net51,11.44µm
_0223_,11.4µm
in1[4],11.37µm
in3[56],11.36µm
_0515_,11.34µm
_0606_,11.295µm
net140,11.26µm
_0083_,11.22µm
_0872_,11.22µm
in1[54],11.22µm
in3[13],11.22µm
in3[32],11.21µm
_0629_,11.18µm
_0341_,11.16µm
_0752_,11.16µm
_0813_,11.16µm
_0380_,11.12µm
_0575_,11.12µm
_0858_,11.04µm
_0024_,10.985µm
_0590_,10.96µm
_0115_,10.92µm
_0191_,10.9µm
_0173_,10.89µm
_0870_,10.83µm
_0347_,10.78µm
_0530_,10.78µm
in1[53],10.76µm
in2[39],10.71µm
_0370_,10.7µm
_0954_,10.7µm
in3[57],10.655µm
_0195_,10.58µm
_0740_,10.58µm
in1[17],10.57µm
_0122_,10.56µm
_0771_,10.56µm
in1[3],10.55µm
_0835_,10.54µm
_0889_,10.54µm
_0003_,10.535µm
_0416_,10.46µm
in2[49],10.45µm
_0348_,10.44µm
_0353_,10.44µm
in2[53],10.44µm
in2[58],10.44µm
_0178_,10.38µm
_0150_,10.36µm
_0194_,10.36µm
in2[46],10.35µm
_0678_,10.34µm
_0409_,10.32µm
_0625_,10.3µm
_0019_,10.295µm
_0461_,10.28µm
_0462_,10.28µm
_0767_,10.28µm
_0035_,10.245µm
_0162_,10.24µm
in1[0],10.23µm
_0407_,10.22µm
_0802_,10.16µm
_0287_,10.12µm
_0612_,10.12µm
in3[47],10.11µm
_0677_,10.08µm
_0182_,10.04µm
in2[31],10.02µm
_0786_,9.99µm
in3[38],9.99µm
in1[57],9.98µm
in3[53],9.98µm
in3[63],9.97µm
_0970_,9.96µm
_0159_,9.94µm
_0662_,9.94µm
_0742_,9.9µm
net181,9.9µm
in2[23],9.89µm
in3[20],9.87µm
_0311_,9.86µm
_0328_,9.86µm
_0688_,9.84µm
_0921_,9.84µm
in1[50],9.83µm
in2[17],9.83µm
_0427_,9.82µm
_0464_,9.78µm
_0502_,9.77µm
in1[45],9.75µm
_0345_,9.74µm
_0524_,9.72µm
_0399_,9.7µm
_0724_,9.7µm
_0163_,9.68µm
_0525_,9.68µm
_0891_,9.68µm
in2[1],9.67µm
in2[29],9.67µm
_0545_,9.66µm
in1[26],9.65µm
in1[7],9.64µm
in2[11],9.64µm
in2[7],9.64µm
in3[11],9.64µm
_0681_,9.62µm
_0967_,9.62µm
_0070_,9.6µm
_0378_,9.6µm
_0728_,9.54µm
_0799_,9.54µm
_0175_,9.53µm
in3[17],9.53µm
in3[46],9.53µm
_0712_,9.52µm
in1[44],9.52µm
in2[44],9.52µm
_0914_,9.5µm
_0160_,9.48µm
_0300_,9.44µm
net211,9.42µm
net230,9.42µm
net231,9.42µm
out[21],9.41µm
net209,9.4µm
net251,9.4µm
_0438_,9.36µm
_0911_,9.36µm
_0038_,9.3µm
_0850_,9.3µm
_0952_,9.3µm
_0270_,9.26µm
in2[34],9.21µm
_0167_,9.2µm
in1[42],9.19µm
in3[41],9.19µm
in1[13],9.18µm
in1[5],9.17µm
_0272_,9.16µm
_0583_,9.12µm
_0587_,9.12µm
_0389_,9.08µm
_0668_,9.075µm
in1[32],9.07µm
in3[3],9.07µm
in3[51],9.07µm
_0375_,9.06µm
in1[55],9.06µm
in1[56],9.06µm
in2[55],9.06µm
in2[56],9.06µm
in2[57],9.06µm
in3[44],9.06µm
in3[55],9.06µm
in3[58],9.06µm
_0369_,9.04µm
_0126_,9µm
_0357_,9µm
_0058_,8.985µm
_0283_,8.98µm
in1[48],8.97µm
in3[42],8.97µm
out[10],8.96µm
out[11],8.96µm
out[12],8.96µm
out[13],8.96µm
out[14],8.96µm
out[15],8.96µm
out[16],8.96µm
out[45],8.96µm
out[48],8.96µm
out[51],8.96µm
in2[42],8.95µm
_0505_,8.92µm
_0955_,8.9µm
in2[41],8.87µm
in2[45],8.87µm
_0568_,8.86µm
_0151_,8.84µm
in3[61],8.83µm
_0877_,8.82µm
_0588_,8.78µm
_0589_,8.78µm
_0011_,8.745µm
_0321_,8.74µm
in1[10],8.72µm
in1[11],8.72µm
in1[12],8.72µm
in3[12],8.72µm
in1[34],8.71µm
_0720_,8.7µm
_0811_,8.66µm
in3[8],8.63µm
_0513_,8.62µm
in1[41],8.61µm
in2[5],8.61µm
in3[22],8.61µm
_0628_,8.58µm
net182,8.58µm
_0599_,8.56µm
_0611_,8.56µm
in1[30],8.53µm
_0626_,8.49µm
in1[2],8.49µm
in3[37],8.49µm
_0468_,8.48µm
_0220_,8.46µm
_0377_,8.46µm
_0444_,8.44µm
_0534_,8.44µm
net178,8.44µm
net179,8.44µm
net183,8.44µm
_0093_,8.4µm
_0773_,8.4µm
in1[20],8.39µm
in3[30],8.39µm
out[23],8.39µm
_0041_,8.38µm
out[30],8.37µm
_0039_,8.325µm
_0490_,8.32µm
_0540_,8.28µm
in1[29],8.27µm
in1[36],8.27µm
in2[25],8.27µm
_0188_,8.24µm
_0700_,8.24µm
_0374_,8.2µm
in1[21],8.15µm
in1[40],8.15µm
in1[47],8.15µm
in2[16],8.15µm
_0230_,8.14µm
_0950_,8.14µm
in2[50],8.13µm
_0857_,8.12µm
_0174_,8.1µm
_0770_,8.1µm
in3[18],8.1µm
_0042_,8.065µm
_0297_,8.06µm
_0827_,8.06µm
_0445_,8.04µm
in3[23],8.03µm
in2[33],8.01µm
_0172_,7.98µm
_0307_,7.98µm
in2[6],7.93µm
_0262_,7.92µm
out[9],7.91µm
_0147_,7.9µm
_0271_,7.9µm
_0332_,7.9µm
_0518_,7.88µm
_0330_,7.86µm
_0869_,7.86µm
_0141_,7.84µm
_0609_,7.84µm
in1[22],7.81µm
in2[36],7.81µm
in2[62],7.81µm
_0073_,7.8µm
_0596_,7.8µm
_0630_,7.78µm
net115,7.78µm
_0032_,7.765µm
_0267_,7.74µm
_0062_,7.735µm
in1[46],7.71µm
in2[0],7.71µm
_0432_,7.7µm
_0379_,7.64µm
_0555_,7.64µm
_0310_,7.6µm
in3[26],7.59µm
out[25],7.59µm
_0180_,7.58µm
_0838_,7.58µm
out[22],7.57µm
_0507_,7.54µm
_0601_,7.52µm
_0849_,7.52µm
_0282_,7.48µm
net245,7.48µm
in2[27],7.47µm
in3[0],7.47µm
in3[36],7.47µm
_0005_,7.46µm
_0847_,7.46µm
_0503_,7.44µm
_0784_,7.44µm
_0411_,7.42µm
_0915_,7.42µm
in2[38],7.42µm
_0558_,7.4µm
in2[19],7.35µm
in2[24],7.35µm
in3[28],7.35µm
in3[34],7.35µm
in3[48],7.35µm
_0680_,7.34µm
in1[19],7.3µm
in1[27],7.3µm
in3[1],7.3µm
_0183_,7.28µm
_0758_,7.28µm
in1[38],7.25µm
in2[40],7.25µm
in3[25],7.25µm
in3[6],7.25µm
out[58],7.23µm
_0187_,7.22µm
_0333_,7.2µm
in2[61],7.15µm
out[0],7.15µm
_0235_,7.14µm
in1[60],7.13µm
in3[29],7.13µm
in3[62],7.13µm
_0526_,7.12µm
in2[20],7.11µm
in2[28],7.11µm
_0585_,7.1µm
_0966_,7.095µm
_0334_,7.08µm
_0009_,7.075µm
in3[35],7.03µm
in3[50],7.03µm
in2[48],7.01µm
in3[21],7.01µm
in3[24],7.01µm
_0304_,6.985µm
_0934_,6.98µm
net52,6.98µm
net116,6.98µm
_0153_,6.92µm
out[41],6.89µm
net258,6.86µm
_0719_,6.84µm
in1[25],6.84µm
net153,6.84µm
in1[16],6.79µm
in1[23],6.79µm
in2[37],6.79µm
in3[2],6.79µm
in3[7],6.79µm
_0706_,6.78µm
in2[21],6.77µm
_0510_,6.76µm
_0661_,6.74µm
_0809_,6.74µm
_0111_,6.72µm
_0873_,6.72µm
_0930_,6.72µm
net60,6.72µm
in2[2],6.69µm
out[6],6.69µm
in1[24],6.67µm
_0064_,6.66µm
_0475_,6.66µm
net226,6.66µm
_0803_,6.64µm
_0899_,6.64µm
net177,6.64µm
_0569_,6.62µm
_0931_,6.62µm
_0088_,6.6µm
_0291_,6.6µm
_0603_,6.6µm
_0898_,6.6µm
_0756_,6.52µm
_0881_,6.52µm
_0233_,6.46µm
in2[43],6.45µm
in2[32],6.43µm
in2[8],6.43µm
in3[16],6.43µm
in3[40],6.43µm
_0908_,6.42µm
_0790_,6.36µm
in3[19],6.33µm
in3[49],6.33µm
_0927_,6.32µm
_0338_,6.3µm
_0219_,6.28µm
_0396_,6.28µm
net57,6.28µm
_0265_,6.26µm
_0281_,6.26µm
_0826_,6.26µm
in1[39],6.23µm
in1[6],6.23µm
out[52],6.23µm
rst,6.23µm
in2[51],6.21µm
out[28],6.21µm
out[29],6.21µm
out[33],6.21µm
out[36],6.21µm
out[59],6.21µm
out[60],6.21µm
out[62],6.21µm
_0118_,6.18µm
_0395_,6.18µm
_0045_,6.165µm
_0779_,6.14µm
in1[18],6.11µm
in1[28],6.11µm
in1[35],6.11µm
in1[51],6.11µm
in1[61],6.11µm
in2[26],6.11µm
in2[35],6.11µm
in3[45],6.11µm
in3[5],6.11µm
_0218_,6.08µm
_0340_,6.08µm
_0140_,6.06µm
net53,6.06µm
_0646_,6.04µm
_0922_,6.04µm
in1[33],5.97µm
in2[47],5.97µm
in1[8],5.92µm
out[43],5.87µm
out[57],5.87µm
_0243_,5.86µm
_0487_,5.86µm
_0617_,5.86µm
_0619_,5.86µm
_0777_,5.84µm
_0806_,5.84µm
_0211_,5.82µm
_0266_,5.82µm
_0275_,5.82µm
_0034_,5.805µm
_0794_,5.8µm
in1[37],5.77µm
in1[62],5.77µm
in2[3],5.77µm
in2[63],5.77µm
in3[43],5.77µm
_0387_,5.74µm
_0633_,5.74µm
_0136_,5.72µm
_0918_,5.72µm
_0004_,5.7µm
net216,5.68µm
net218,5.68µm
_0488_,5.62µm
_0000_,5.605µm
_0197_,5.6µm
_0902_,5.6µm
_0943_,5.6µm
out[18],5.53µm
out[19],5.53µm
out[26],5.53µm
out[27],5.53µm
out[35],5.53µm
out[37],5.53µm
out[39],5.53µm
out[3],5.53µm
out[46],5.53µm
out[54],5.53µm
out[63],5.53µm
_0247_,5.5µm
_0916_,5.48µm
net119,5.48µm
in2[22],5.46µm
out[34],5.41µm
out[47],5.41µm
out[55],5.41µm
_0067_,5.4µm
_0904_,5.4µm
_0548_,5.38µm
_0878_,5.38µm
net117,5.38µm
_0094_,5.36µm
_0845_,5.36µm
_0884_,5.36µm
_0888_,5.36µm
_0033_,5.345µm
_0422_,5.34µm
net247,5.34µm
net261,5.34µm
in1[49],5.31µm
in3[27],5.31µm
out[1],5.31µm
out[38],5.31µm
out[56],5.31µm
out[5],5.31µm
_0586_,5.28µm
_0933_,5.28µm
_0105_,5.26µm
_0673_,5.26µm
_0747_,5.26µm
_0142_,5.22µm
_0607_,5.22µm
_0796_,5.22µm
out[40],5.19µm
out[53],5.19µm
out[8],5.19µm
_0258_,5.16µm
out[32],5.15µm
_0210_,5.14µm
_0497_,5.14µm
_0885_,5.12µm
out[20],5.07µm
out[24],5.07µm
out[49],5.07µm
out[50],5.07µm
_0059_,5.065µm
_0368_,5.04µm
_0428_,5.04µm
_0031_,5.005µm
_0674_,5µm
_0623_,4.94µm
_0424_,4.92µm
_0466_,4.92µm
_0521_,4.92µm
_0579_,4.92µm
_0655_,4.92µm
net262,4.92µm
_0022_,4.905µm
_0682_,4.9µm
net55,4.9µm
_0313_,4.88µm
_0346_,4.88µm
_0562_,4.88µm
_0821_,4.88µm
_0863_,4.88µm
out[2],4.85µm
out[31],4.85µm
out[42],4.85µm
out[44],4.85µm
out[4],4.85µm
out[61],4.85µm
out[7],4.85µm
_0051_,4.845µm
_0295_,4.82µm
_0371_,4.82µm
_0472_,4.82µm
_0939_,4.82µm
_0139_,4.8µm
_0222_,4.8µm
_0643_,4.8µm
_0825_,4.8µm
_0924_,4.8µm
net221,4.8µm
net260,4.8µm
_0968_,4.78µm
_0402_,4.76µm
_0718_,4.76µm
_0018_,4.72µm
_0046_,4.7µm
_0231_,4.66µm
_0050_,4.635µm
_0125_,4.6µm
_0498_,4.58µm
_0359_,4.48µm
_0500_,4.48µm
_0254_,4.46µm
_0519_,4.46µm
_0584_,4.46µm
_0775_,4.46µm
_0692_,4.45µm
_0225_,4.44µm
_0401_,4.44µm
_0089_,4.42µm
_0303_,4.42µm
_0316_,4.42µm
net222,4.42µm
net249,4.42µm
_0095_,4.36µm
_0112_,4.36µm
_0627_,4.36µm
_0842_,4.36µm
_0127_,4.34µm
_0170_,4.34µm
_0184_,4.34µm
_0216_,4.34µm
_0903_,4.34µm
_0657_,4.24µm
_0442_,4.22µm
_0027_,4.12µm
_0137_,4.02µm
_0279_,4.02µm
_0743_,4.02µm
_0941_,4.02µm
_0768_,4µm
_0913_,4µm
_0075_,3.98µm
_0217_,3.9µm
_0246_,3.9µm
_0251_,3.9µm
_0264_,3.9µm
_0474_,3.9µm
_0508_,3.9µm
_0851_,3.9µm
_0171_,3.88µm
_0239_,3.88µm
_0443_,3.88µm
net194,3.88µm
_0007_,3.865µm
_0448_,3.86µm
_0886_,3.84µm
_0887_,3.78µm
_0166_,3.76µm
_0421_,3.76µm
_0675_,3.76µm
_0516_,3.74µm
_0741_,3.66µm
_0181_,3.64µm
_0793_,3.54µm
_0776_,3.52µm
_0023_,3.505µm
_0061_,3.485µm
_0406_,3.44µm
_0496_,3.44µm
_0535_,3.44µm
_0685_,3.44µm
_0912_,3.44µm
_0928_,3.44µm
net263,3.44µm
_0227_,3.42µm
_0298_,3.42µm
_0622_,3.42µm
_0745_,3.42µm
_0828_,3.42µm
net238,3.42µm
_0592_,3.22µm
_0660_,3.22µm
_0880_,3.2µm
_0460_,3.18µm
_0641_,3.18µm
_0419_,3.1µm
_0566_,3.1µm
_0671_,3.1µm
_0113_,3.08µm
_0229_,3.08µm
_0245_,3.08µm
_0393_,3.08µm
_0463_,3.08µm
_0465_,3.08µm
_0711_,3.08µm
_0963_,3.08µm
_0040_,3.065µm
_0699_,3.02µm
_0168_,2.98µm
_0859_,2.98µm
_0274_,2.96µm
_0309_,2.96µm
_0362_,2.96µm
_0567_,2.96µm
_0702_,2.96µm
_0063_,2.86µm
_0414_,2.76µm
_0632_,2.76µm
_0766_,2.76µm
_0248_,2.72µm
_0280_,2.64µm
_0543_,2.64µm
_0546_,2.64µm
_0205_,2.62µm
_0208_,2.62µm
_0285_,2.62µm
_0683_,2.62µm
_0897_,2.62µm
_0030_,2.545µm
_0255_,2.52µm
_0263_,2.52µm
_0597_,2.52µm
_0736_,2.52µm
_0065_,2.5µm
_0076_,2.5µm
_0128_,2.5µm
_0203_,2.5µm
_0324_,2.5µm
_0433_,2.5µm
_0759_,2.5µm
_0822_,2.5µm
_0874_,2.5µm
_0961_,2.5µm
_0001_,2.485µm
_0006_,2.325µm
_0571_,2.3µm
_0478_,2.28µm
_0412_,2.18µm
_0473_,2.18µm
_0732_,2.18µm
_0940_,2.18µm
net188,2.18µm
_0104_,2.16µm
_0237_,2.16µm
_0240_,2.16µm
_0273_,2.16µm
_0397_,2.16µm
_0689_,2.16µm
_0751_,2.16µm
_0792_,2.16µm
_0894_,2.16µm
_0259_,2.14µm
_0049_,2.085µm
_0060_,2.085µm
_0087_,2.06µm
_0234_,2.06µm
_0477_,2.06µm
_0795_,2.06µm
_0302_,2.04µm
_0690_,2.04µm
_0715_,2.04µm
_0782_,2.04µm
_0829_,2.04µm
_0830_,2.04µm
_0953_,2.04µm
_0964_,2.04µm
net213,2.04µm
net217,2.04µm
net220,2.04µm
net225,2.04µm
_0454_,1.94µm
_0057_,1.865µm
_0157_,1.84µm
_0257_,1.84µm
_0261_,1.84µm
_0335_,1.84µm
_0523_,1.84µm
_0713_,1.84µm
_0901_,1.84µm
_0479_,1.72µm
_0687_,1.72µm
_0701_,1.72µm
_0783_,1.72µm
_0102_,1.7µm
_0352_,1.7µm
_0372_,1.7µm
_0418_,1.7µm
_0527_,1.7µm
_0572_,1.7µm
_0810_,1.7µm
_0861_,1.7µm
net212,1.7µm
_0029_,1.685µm
_0938_,1.6µm
_0074_,1.38µm
_0101_,1.38µm
_0413_,1.38µm
_0376_,1.36µm
_0615_,1.36µm
_0193_,1.26µm
_0241_,1.26µm
_0446_,1.26µm
_0458_,1.26µm
_0476_,1.26µm
_0556_,1.26µm
_0753_,1.26µm
_0818_,1.26µm
_0860_,1.26µm
_0250_,1.14µm
_0656_,1.14µm
_0350_,1.02µm
_0553_,1.02µm
_0138_,0.92µm
_0242_,0.92µm
_0449_,0.92µm
_0499_,0.92µm
_0610_,0.92µm
_0667_,0.92µm
_0876_,0.92µm
_0209_,0.8µm
_0559_,0.8µm
_0647_,0.8µm
_0734_,0.8µm
_0804_,0.8µm
_0123_,0.46µm
_0253_,0.46µm
_0582_,0.46µm
_0765_,0.46µm
_0817_,0.46µm
_0853_,0.46µm
